<?xml version="1.0" encoding="US-ASCII"?>
<l:l10n xmlns:l="http://docbook.sourceforge.net/xmlns/l10n/1.0" language="da" english-language-name="Danish">

<!-- This file is generated automatically. -->
<!-- Do not edit this file by hand! -->
<!-- See http://docbook.sourceforge.net/ -->
<!-- To update this file: edit the corresponding document at -->
<!-- http://cvs.sourceforge.net/cgi-bin/viewcvs.cgi/docbook/gentext/locale/ -->

   <l:gentext key="Abstract" text="Resum&#233;"/>
   <l:gentext key="abstract" text="resum&#233;"/>
   <l:gentext key="Answer" text="Svar"/>
   <l:gentext key="answer" text="svar"/>
   <l:gentext key="Appendix" text="Appendiks"/>
   <l:gentext key="appendix" text="appendiks"/>
   <l:gentext key="Article" text="Artikel"/>
   <l:gentext key="article" text="artikel"/>
   <l:gentext key="Bibliography" text="Litteraturliste"/>
   <l:gentext key="bibliography" text="litteraturliste"/>
   <l:gentext key="Book" text="Bog"/>
   <l:gentext key="book" text="bog"/>
   <l:gentext key="CAUTION" text="PAS P&#197;"/>
   <l:gentext key="Caution" text="Pas p&#229;"/>
   <l:gentext key="caution" text="pas p&#229;"/>
   <l:gentext key="Chapter" text="Kapitel"/>
   <l:gentext key="chapter" text="kapitel"/>
   <l:gentext key="Colophon" text="Kolofon"/>
   <l:gentext key="colophon" text="kolofon"/>
   <l:gentext key="Copyright" text="Ophavsret"/>
   <l:gentext key="copyright" text="ophavsret"/>
   <l:gentext key="Dedication" text="Tilegnet"/>
   <l:gentext key="dedication" text="tilegnet"/>
   <l:gentext key="Edition" text="Udgave"/>
   <l:gentext key="edition" text="udgave"/>
   <l:gentext key="Equation" text="Ligning"/>
   <l:gentext key="equation" text="ligning"/>
   <l:gentext key="Example" text="Eksempel"/>
   <l:gentext key="example" text="eksempel"/>
   <l:gentext key="Figure" text="Figur"/>
   <l:gentext key="figure" text="figur"/>
   <l:gentext key="Glossary" text="Ordliste"/>
   <l:gentext key="glossary" text="ordliste"/>
   <l:gentext key="GlossSee" text="Se"/>
   <l:gentext key="glosssee" text="se"/>
   <l:gentext key="GlossSeeAlso" text="Se ogs&#229;"/>
   <l:gentext key="glossseealso" text="se ogs&#229;"/>
   <l:gentext key="IMPORTANT" text="VIGTIGT"/>
   <l:gentext key="important" text="vigtigt"/>
   <l:gentext key="Important" text="Vigtigt"/>
   <l:gentext key="Index" text="Stikordsregister"/>
   <l:gentext key="index" text="stikordsregister"/>
   <l:gentext key="ISBN" text="ISBN"/>
   <l:gentext key="isbn" text="ISBN"/>
   <l:gentext key="LegalNotice" text="Retslig note"/>
   <l:gentext key="legalnotice" text="retslig note"/>
   <l:gentext key="MsgAud" text="M&#229;lgruppe"/>
   <l:gentext key="msgaud" text="m&#229;lgruppe"/>
   <l:gentext key="MsgLevel" text="Niveau"/>
   <l:gentext key="msglevel" text="niveau"/>
   <l:gentext key="MsgOrig" text="Grundlag"/>
   <l:gentext key="msgorig" text="grundlag"/>
   <l:gentext key="NOTE" text="BEM&#198;RK"/>
   <l:gentext key="Note" text="Bem&#230;rk"/>
   <l:gentext key="note" text="bem&#230;rk"/>
   <l:gentext key="Part" text="Del"/>
   <l:gentext key="part" text="del"/>
   <l:gentext key="Preface" text="Forord"/>
   <l:gentext key="preface" text="forord"/>
   <l:gentext key="Procedure" text="Procedure"/>
   <l:gentext key="procedure" text="procedure"/>
   <l:gentext key="ProductionSet" text="Produktion"/>
   <l:gentext key="PubDate" text="Publication Date" lang="en"/>
   <l:gentext key="pubdate" text="Publication date" lang="en"/>
   <l:gentext key="Published" text="Udgivet"/>
   <l:gentext key="published" text="udgivet"/>
   <l:gentext key="Qandadiv" text="Q &amp; A" lang="en"/>
   <l:gentext key="qandadiv" text="Q &amp; A" lang="en"/>
   <l:gentext key="Question" text="Sp&#248;rgsm&#229;l"/>
   <l:gentext key="question" text="sp&#248;rgsm&#229;l"/>
   <l:gentext key="RefEntry" text="Punkt"/>
   <l:gentext key="refentry" text="punkt"/>
   <l:gentext key="Reference" text="Henvisning"/>
   <l:gentext key="reference" text="henvisning"/>
   <l:gentext key="RefName" text="Navn"/>
   <l:gentext key="refname" text="navn"/>
   <l:gentext key="RefSection" text="Afsnit"/>
   <l:gentext key="refsection" text="afsnit"/>
   <l:gentext key="RefSynopsisDiv" text="Synopsis"/>
   <l:gentext key="refsynopsisdiv" text="synopsis"/>
   <l:gentext key="RevHistory" text="Revisionshistorie"/>
   <l:gentext key="revhistory" text="revisionshistorie"/>
   <l:gentext key="revision" text="revision"/>
   <l:gentext key="Revision" text="Revision"/>
   <l:gentext key="sect1" text="Afsnit"/>
   <l:gentext key="sect2" text="Afsnit"/>
   <l:gentext key="sect3" text="Afsnit"/>
   <l:gentext key="sect4" text="Afsnit"/>
   <l:gentext key="sect5" text="Afsnit"/>
   <l:gentext key="section" text="afsnit"/>
   <l:gentext key="Section" text="Afsnit"/>
   <l:gentext key="see" text="se"/>
   <l:gentext key="See" text="Se"/>
   <l:gentext key="seealso" text="se ogs&#229;"/>
   <l:gentext key="Seealso" text="Se ogs&#229;"/>
   <l:gentext key="SeeAlso" text="Se ogs&#229;"/>
   <l:gentext key="set" text="s&#230;t"/>
   <l:gentext key="Set" text="S&#230;t"/>
   <l:gentext key="setindex" text="s&#230;t indeks"/>
   <l:gentext key="SetIndex" text="S&#230;t indeks"/>
   <l:gentext key="Sidebar" text="Sidebj&#230;lke"/>
   <l:gentext key="sidebar" text="sidebj&#230;lke"/>
   <l:gentext key="step" text="trin"/>
   <l:gentext key="Step" text="Trin"/>
   <l:gentext key="Table" text="Tabel"/>
   <l:gentext key="table" text="tabel"/>
   <l:gentext key="tip" text="vink"/>
   <l:gentext key="TIP" text="VINK"/>
   <l:gentext key="Tip" text="Vink"/>
   <l:gentext key="Warning" text="Advarsel"/>
   <l:gentext key="warning" text="advarsel"/>
   <l:gentext key="WARNING" text="ADVARSEL"/>
   <l:gentext key="and" text="og"/>
   <l:gentext key="by" text="af"/>
   <l:gentext key="called" text="called" lang="en"/>
   <l:gentext key="Edited" text="Redigeret"/>
   <l:gentext key="edited" text="redigeret"/>
   <l:gentext key="Editedby" text="Redigeret af"/>
   <l:gentext key="editedby" text="redigeret af"/>
   <l:gentext key="in" text="i"/>
   <l:gentext key="lastlistcomma" text=","/>
   <l:gentext key="listcomma" text=", "/>
   <l:gentext key="nonexistantelement" text="ikke-eksisterende element"/>
   <l:gentext key="notes" text="slutbem&#230;rkning:"/>
   <l:gentext key="Notes" text="Slutbem&#230;rkning:"/>
   <l:gentext key="Pgs" text="Siderne"/>
   <l:gentext key="pgs" text="siderne"/>
   <l:gentext key="Revisedby" text="Revideret af: "/>
   <l:gentext key="revisedby" text="revideret af: "/>
   <l:gentext key="TableNotes" text="Noter:"/>
   <l:gentext key="tablenotes" text="noter:"/>
   <l:gentext key="TableofContents" text="Indholdsfortegnelse"/>
   <l:gentext key="tableofcontents" text="indholdsfortegnelse"/>
   <l:gentext key="the" text="" lang="en"/>
   <l:gentext key="unexpectedelementname" text="uventet elementnavn"/>
   <l:gentext key="unsupported" text="ikke underst&#248;ttet"/>
   <l:gentext key="xrefto" text="krydshenvisning til"/>
   <l:gentext key="listofequations" text="ligningsliste"/>
   <l:gentext key="ListofEquations" text="Ligningsliste"/>
   <l:gentext key="ListofExamples" text="Eksempelliste"/>
   <l:gentext key="listofexamples" text="eksempelliste"/>
   <l:gentext key="ListofFigures" text="Figurliste"/>
   <l:gentext key="listoffigures" text="figurliste"/>
   <l:gentext key="ListofProcedures" text="List of Procedures" lang="en"/>
   <l:gentext key="listofprocedures" text="List of Procedures" lang="en"/>
   <l:gentext key="listoftables" text="tabelliste"/>
   <l:gentext key="ListofTables" text="Tabelliste"/>
   <l:gentext key="ListofUnknown" text="Liste over ukendte"/>
   <l:gentext key="listofunknown" text="liste over ukendte"/>
   <l:gentext key="nav-home" text="hjem"/>
   <l:gentext key="nav-next" text="n&#230;ste"/>
   <l:gentext key="nav-next-sibling" text="hurtigt fremad"/>
   <l:gentext key="nav-prev" text="forrige"/>
   <l:gentext key="nav-prev-sibling" text="hurtigt tilbage"/>
   <l:gentext key="nav-up" text="op"/>
   <l:gentext key="nav-toc" text="ToC" lang="en"/>
   <l:gentext key="Draft" text="Kladde"/>
   <l:gentext key="above" text="over"/>
   <l:gentext key="below" text="under"/>
   <l:gentext key="sectioncalled" text="afsnittet der hedder"/>
   <l:gentext key="index symbols" text="symboler"/>
   <l:gentext key="lowercase.alpha" text="abcdefghijklmnopqrstuvwxyz&#230;&#248;&#229;"/>
   <l:gentext key="uppercase.alpha" text="ABCDEFGHIJKLMNOPQRSTUVWXYZ&#198;&#216;&#197;"/>
   <l:dingbat key="startquote" text="&#8220;"/>
   <l:dingbat key="endquote" text="&#8221;"/>
   <l:dingbat key="nestedstartquote" text="&#8216;"/>
   <l:dingbat key="nestedendquote" text="&#8217;"/>
   <l:dingbat key="singlestartquote" text="&#8216;" lang="en"/>
   <l:dingbat key="singleendquote" text="&#8217;" lang="en"/>
   <l:dingbat key="bullet" text="&#8226;"/>
   <l:gentext key="hyphenation-character" text="-"/>
   <l:gentext key="hyphenation-push-character-count" text="2"/>
   <l:gentext key="hyphenation-remain-character-count" text="2"/>

   <l:context name="styles">
      <l:template name="person-name" text="first-last"/>
   </l:context>

   <l:context name="title">
      <l:template name="abstract" text="%t"/>
      <l:template name="answer" text="%t"/>
      <l:template name="appendix" text="Appendiks %n. %t"/>
      <l:template name="article" text="%t"/>
      <l:template name="authorblurb" text="%t"/>
      <l:template name="bibliodiv" text="%t"/>
      <l:template name="biblioentry" text="%t"/>
      <l:template name="bibliography" text="%t"/>
      <l:template name="bibliolist" text="%t" lang="en"/>
      <l:template name="bibliomixed" text="%t"/>
      <l:template name="bibliomset" text="%t"/>
      <l:template name="biblioset" text="%t"/>
      <l:template name="blockquote" text="%t"/>
      <l:template name="book" text="%t"/>
      <l:template name="calloutlist" text="%t"/>
      <l:template name="caution" text="%t"/>
      <l:template name="chapter" text="Kapitel %n. %t"/>
      <l:template name="colophon" text="%t"/>
      <l:template name="dedication" text="%t"/>
      <l:template name="equation" text="Ligning %n. %t"/>
      <l:template name="example" text="Eksempel %n. %t"/>
      <l:template name="figure" text="Figur %n. %t"/>
      <l:template name="foil" text="%t" lang="en"/>
      <l:template name="foilgroup" text="%t" lang="en"/>
      <l:template name="formalpara" text="%t"/>
      <l:template name="glossary" text="%t"/>
      <l:template name="glossdiv" text="%t"/>
      <l:template name="glosslist" text="%t" lang="en"/>
      <l:template name="glossentry" text="%t" lang="en"/>
      <l:template name="important" text="%t"/>
      <l:template name="index" text="%t"/>
      <l:template name="indexdiv" text="%t"/>
      <l:template name="itemizedlist" text="%t"/>
      <l:template name="legalnotice" text="%t"/>
      <l:template name="listitem" text=""/>
      <l:template name="lot" text="%t"/>
      <l:template name="msg" text="%t"/>
      <l:template name="msgexplan" text="%t"/>
      <l:template name="msgmain" text="%t"/>
      <l:template name="msgrel" text="%t"/>
      <l:template name="msgset" text="%t"/>
      <l:template name="msgsub" text="%t"/>
      <l:template name="note" text="%t"/>
      <l:template name="orderedlist" text="%t"/>
      <l:template name="part" text="Del %n. %t"/>
      <l:template name="partintro" text="%t"/>
      <l:template name="preface" text="%t"/>
      <l:template name="procedure" text="%t"/>
      <l:template name="procedure.formal" text="Procedure %n. %t"/>
      <l:template name="productionset" text="%t"/>
      <l:template name="productionset.formal" text="Produktion %n"/>
      <l:template name="qandadiv" text="%t"/>
      <l:template name="qandaentry" text="%t"/>
      <l:template name="qandaset" text="%t"/>
      <l:template name="question" text="Sp&#248;rgsm&#229;l %n"/>
      <l:template name="refentry" text="%t"/>
      <l:template name="reference" text="%t"/>
      <l:template name="refsection" text="%t"/>
      <l:template name="refsect1" text="%t"/>
      <l:template name="refsect2" text="%t"/>
      <l:template name="refsect3" text="%t"/>
      <l:template name="refsynopsisdiv" text="%t"/>
      <l:template name="refsynopsisdivinfo" text="%t"/>
      <l:template name="segmentedlist" text="%t"/>
      <l:template name="set" text="%t"/>
      <l:template name="setindex" text="%t"/>
      <l:template name="sidebar" text="%t"/>
      <l:template name="step" text="%t"/>
      <l:template name="table" text="Tabel %n. %t"/>
      <l:template name="task" text="%t" lang="en"/>
      <l:template name="tip" text="%t"/>
      <l:template name="toc" text="%t"/>
      <l:template name="variablelist" text="%t"/>
      <l:template name="varlistentry" text=""/>
      <l:template name="warning" text="%t"/>
   </l:context>

   <l:context name="title-unnumbered">
      <l:template name="appendix" text="%t"/>
      <l:template name="article/appendix" text="%t" lang="en"/>
      <l:template name="bridgehead" text="%t"/>
      <l:template name="chapter" text="%t"/>
      <l:template name="sect1" text="%t"/>
      <l:template name="sect2" text="%t"/>
      <l:template name="sect3" text="%t"/>
      <l:template name="sect4" text="%t"/>
      <l:template name="sect5" text="%t"/>
      <l:template name="section" text="%t"/>
      <l:template name="simplesect" text="%t"/>
   </l:context>

   <l:context name="title-numbered">
      <l:template name="appendix" text="Appendiks %n. %t"/>
      <l:template name="article/appendix" text="%n.&#160;%t" lang="en"/>
      <l:template name="bridgehead" text="%n. %t"/>
      <l:template name="chapter" text="Kapitel %n. %t"/>
      <l:template name="sect1" text="%n. %t"/>
      <l:template name="sect2" text="%n. %t"/>
      <l:template name="sect3" text="%n. %t"/>
      <l:template name="sect4" text="%n. %t"/>
      <l:template name="sect5" text="%n. %t"/>
      <l:template name="section" text="%n. %t"/>
      <l:template name="simplesect" text="%t"/>
   </l:context>

   <l:context name="subtitle">
      <l:template name="appendix" text="%s"/>
      <l:template name="article" text="%s"/>
      <l:template name="bibliodiv" text="%s"/>
      <l:template name="biblioentry" text="%s"/>
      <l:template name="bibliography" text="%s"/>
      <l:template name="bibliomixed" text="%s"/>
      <l:template name="bibliomset" text="%s"/>
      <l:template name="biblioset" text="%s"/>
      <l:template name="book" text="%s"/>
      <l:template name="chapter" text="%s"/>
      <l:template name="colophon" text="%s"/>
      <l:template name="dedication" text="%s"/>
      <l:template name="glossary" text="%s"/>
      <l:template name="glossdiv" text="%s"/>
      <l:template name="index" text="%s"/>
      <l:template name="indexdiv" text="%s"/>
      <l:template name="lot" text="%s"/>
      <l:template name="part" text="%s"/>
      <l:template name="partintro" text="%s"/>
      <l:template name="preface" text="%s"/>
      <l:template name="refentry" text="%s"/>
      <l:template name="reference" text="%s"/>
      <l:template name="refsection" text="%s"/>
      <l:template name="refsect1" text="%s"/>
      <l:template name="refsect2" text="%s"/>
      <l:template name="refsect3" text="%s"/>
      <l:template name="refsynopsisdiv" text="%s"/>
      <l:template name="sect1" text="%s"/>
      <l:template name="sect2" text="%s"/>
      <l:template name="sect3" text="%s"/>
      <l:template name="sect4" text="%s"/>
      <l:template name="sect5" text="%s"/>
      <l:template name="section" text="%s"/>
      <l:template name="set" text="%s"/>
      <l:template name="setindex" text="%s"/>
      <l:template name="sidebar" text="%s"/>
      <l:template name="simplesect" text="%s"/>
      <l:template name="toc" text="%s"/>
   </l:context>

   <l:context name="xref">
      <l:template name="abstract" text="%t"/>
      <l:template name="answer" text="Svar %n"/>
      <l:template name="appendix" text="%t"/>
      <l:template name="article" text="%t"/>
      <l:template name="authorblurb" text="%t"/>
      <l:template name="bibliodiv" text="%t"/>
      <l:template name="bibliography" text="%t"/>
      <l:template name="bibliomset" text="%t"/>
      <l:template name="biblioset" text="%t"/>
      <l:template name="blockquote" text="%t"/>
      <l:template name="book" text="%t"/>
      <l:template name="calloutlist" text="%t"/>
      <l:template name="caution" text="%t"/>
      <l:template name="chapter" text="%t"/>
      <l:template name="colophon" text="%t"/>
      <l:template name="constraintdef" text="%t"/>
      <l:template name="dedication" text="%t"/>
      <l:template name="equation" text="%t"/>
      <l:template name="example" text="%t"/>
      <l:template name="figure" text="%t"/>
      <l:template name="foil" text="%t" lang="en"/>
      <l:template name="foilgroup" text="%t" lang="en"/>
      <l:template name="formalpara" text="%t"/>
      <l:template name="glossary" text="%t"/>
      <l:template name="glossdiv" text="%t"/>
      <l:template name="important" text="%t"/>
      <l:template name="index" text="%t"/>
      <l:template name="indexdiv" text="%t"/>
      <l:template name="itemizedlist" text="%t"/>
      <l:template name="legalnotice" text="%t"/>
      <l:template name="listitem" text="%n"/>
      <l:template name="lot" text="%t"/>
      <l:template name="msg" text="%t"/>
      <l:template name="msgexplan" text="%t"/>
      <l:template name="msgmain" text="%t"/>
      <l:template name="msgrel" text="%t"/>
      <l:template name="msgset" text="%t"/>
      <l:template name="msgsub" text="%t"/>
      <l:template name="note" text="%t"/>
      <l:template name="orderedlist" text="%t"/>
      <l:template name="part" text="%t"/>
      <l:template name="partintro" text="%t"/>
      <l:template name="preface" text="%t"/>
      <l:template name="procedure" text="%t"/>
      <l:template name="productionset" text="%t"/>
      <l:template name="qandadiv" text="%t"/>
      <l:template name="qandaentry" text="Sp&#248;rgsm&#229;l %n"/>
      <l:template name="qandaset" text="%t"/>
      <l:template name="question" text="Sp&#248;rgsm&#229;l %n"/>
      <l:template name="reference" text="%t"/>
      <l:template name="refsynopsisdiv" text="%t"/>
      <l:template name="segmentedlist" text="%t"/>
      <l:template name="set" text="%t"/>
      <l:template name="setindex" text="%t"/>
      <l:template name="sidebar" text="%t"/>
      <l:template name="table" text="%t"/>
      <l:template name="tip" text="%t"/>
      <l:template name="toc" text="%t"/>
      <l:template name="variablelist" text="%t"/>
      <l:template name="varlistentry" text="%n"/>
      <l:template name="warning" text="%t"/>
      <l:template name="olink.document.citation" text=" in %o" lang="en"/>
      <l:template name="olink.page.citation" text=" (page %p)" lang="en"/>
      <l:template name="page.citation" text=" [%p]"/>
      <l:template name="page" text="(page %p)" lang="en"/>
      <l:template name="docname" text=" in %o" lang="en"/>
      <l:template name="docnamelong" text=" in the document titled %o" lang="en"/>
      <l:template name="pageabbrev" text="(p. %p)" lang="en"/>
      <l:template name="Page" text="Page %p" lang="en"/>
      <l:template name="bridgehead" text="afsnittet der hedder &#8220;%t&#8221;"/>
      <l:template name="refsection" text="&#8220;%t&#8221;"/>
      <l:template name="refsect1" text="&#8220;%t&#8221;"/>
      <l:template name="refsect2" text="&#8220;%t&#8221;"/>
      <l:template name="refsect3" text="&#8220;%t&#8221;"/>
      <l:template name="sect1" text="&#8220;%t&#8221;"/>
      <l:template name="sect2" text="&#8220;%t&#8221;"/>
      <l:template name="sect3" text="&#8220;%t&#8221;"/>
      <l:template name="sect4" text="&#8220;%t&#8221;"/>
      <l:template name="sect5" text="&#8220;%t&#8221;"/>
      <l:template name="section" text="&#8220;%t&#8221;"/>
      <l:template name="simplesect" text="&#8220;%t&#8221;"/>
   </l:context>

   <l:context name="xref-number">
      <l:template name="answer" text="Svar&#160;%n"/>
      <l:template name="appendix" text="Appendiks&#160;%n"/>
      <l:template name="bridgehead" text="Afsnit&#160;%n"/>
      <l:template name="chapter" text="Kapitel&#160;%n"/>
      <l:template name="equation" text="Ligning&#160;%n"/>
      <l:template name="example" text="Eksempel&#160;%n"/>
      <l:template name="figure" text="Figur&#160;%n"/>
      <l:template name="part" text="Del&#160;%n"/>
      <l:template name="procedure" text="Procedure&#160;%n"/>
      <l:template name="productionset" text="Produktion&#160;%n"/>
      <l:template name="qandadiv" text="Q &amp; A&#160;%n"/>
      <l:template name="qandaentry" text="Sp&#248;rgsm&#229;l&#160;%n"/>
      <l:template name="question" text="Sp&#248;rgsm&#229;l&#160;%n"/>
      <l:template name="sect1" text="Afsnit&#160;%n"/>
      <l:template name="sect2" text="Afsnit&#160;%n"/>
      <l:template name="sect3" text="Afsnit&#160;%n"/>
      <l:template name="sect4" text="Afsnit&#160;%n"/>
      <l:template name="sect5" text="Afsnit&#160;%n"/>
      <l:template name="section" text="Afsnit&#160;%n"/>
      <l:template name="table" text="Tabel&#160;%n"/>
   </l:context>

   <l:context name="xref-number-and-title">
      <l:template name="appendix" text="Appendiks&#160;%n, %t"/>
      <l:template name="bridgehead" text="Afsnit&#160;%n, &#8220;%t&#8221;"/>
      <l:template name="chapter" text="Kapitel&#160;%n, %t"/>
      <l:template name="equation" text="Ligning&#160;%n, &#8220;%t&#8221;"/>
      <l:template name="example" text="Eksempel&#160;%n, &#8220;%t&#8221;"/>
      <l:template name="figure" text="Figur&#160;%n, &#8220;%t&#8221;"/>
      <l:template name="part" text="Del&#160;%n, &#8220;%t&#8221;"/>
      <l:template name="procedure" text="Procedure&#160;%n, &#8220;%t&#8221;"/>
      <l:template name="productionset" text="Produktion&#160;%n, &#8220;%t&#8221;"/>
      <l:template name="qandadiv" text="Q &amp; A&#160;%n, &#8220;%t&#8221;"/>
      <l:template name="refsect1" text="afsnittet der hedder &#8220;%t&#8221;"/>
      <l:template name="refsect2" text="afsnittet der hedder &#8220;%t&#8221;"/>
      <l:template name="refsect3" text="afsnittet der hedder &#8220;%t&#8221;"/>
      <l:template name="refsection" text="afsnittet der hedder &#8220;%t&#8221;"/>
      <l:template name="sect1" text="Afsnit&#160;%n, &#8220;%t&#8221;"/>
      <l:template name="sect2" text="Afsnit&#160;%n, &#8220;%t&#8221;"/>
      <l:template name="sect3" text="Afsnit&#160;%n, &#8220;%t&#8221;"/>
      <l:template name="sect4" text="Afsnit&#160;%n, &#8220;%t&#8221;"/>
      <l:template name="sect5" text="Afsnit&#160;%n, &#8220;%t&#8221;"/>
      <l:template name="section" text="Afsnit&#160;%n, &#8220;%t&#8221;"/>
      <l:template name="simplesect" text="afsnittet der hedder &#8220;%t&#8221;"/>
      <l:template name="table" text="Tabel&#160;%n, &#8220;%t&#8221;"/>
   </l:context>

   <l:context name="authorgroup">
      <l:template name="sep" text=",  "/>
      <l:template name="sep2" text=" og "/>
      <l:template name="seplast" text=" og "/>
   </l:context>

   <l:context name="glossary">
      <l:template name="see" text="Se "/>
      <l:template name="seealso" text="Se ogs&#229; "/>
   </l:context>

   <l:context name="msgset">
      <l:template name="MsgAud" text="M&#229;lgruppe: "/>
      <l:template name="MsgLevel" text="Niveau: "/>
      <l:template name="MsgOrig" text="Grundlag: "/>
   </l:context>

   <l:context name="datetime">
      <l:template name="format" text="d/m/Y"/>
   </l:context>

   <l:context name="datetime-full">
      <l:template name="January" text="Januar"/>
      <l:template name="February" text="Februar"/>
      <l:template name="March" text="Marts"/>
      <l:template name="April" text="April"/>
      <l:template name="May" text="Maj"/>
      <l:template name="June" text="Juni"/>
      <l:template name="July" text="July"/>
      <l:template name="August" text="August"/>
      <l:template name="September" text="September"/>
      <l:template name="October" text="Oktober"/>
      <l:template name="November" text="November"/>
      <l:template name="December" text="December"/>
      <l:template name="Monday" text="Mandag"/>
      <l:template name="Tuesday" text="Tirsdag"/>
      <l:template name="Wednesday" text="Onsdag"/>
      <l:template name="Thursday" text="Torsdag"/>
      <l:template name="Friday" text="Fredag"/>
      <l:template name="Saturday" text="L&#248;rdag"/>
      <l:template name="Sunday" text="S&#248;ndag"/>
   </l:context>

   <l:context name="datetime-abbrev">
      <l:template name="Jan" text="Jan"/>
      <l:template name="Feb" text="Feb"/>
      <l:template name="Mar" text="Mar"/>
      <l:template name="Apr" text="Apr"/>
      <l:template name="May" text="Maj"/>
      <l:template name="Jun" text="Jun"/>
      <l:template name="Jul" text="Jul"/>
      <l:template name="Aug" text="Aug"/>
      <l:template name="Sep" text="Sep"/>
      <l:template name="Oct" text="Okt"/>
      <l:template name="Nov" text="Nov"/>
      <l:template name="Dec" text="Dec"/>
      <l:template name="Mon" text="Man"/>
      <l:template name="Tue" text="Tir"/>
      <l:template name="Wed" text="ins"/>
      <l:template name="Thu" text="Tor"/>
      <l:template name="Fri" text="Fre"/>
      <l:template name="Sat" text="L&#248;r"/>
      <l:template name="Sun" text="S&#248;n"/>
   </l:context>

   <l:context name="htmlhelp">
      <l:template name="langcode" text="0x0406 Danish"/>
   </l:context>

   <l:letters>
      <l:l i="1">A</l:l>
      <l:l i="1">a</l:l>
      <l:l i="2">B</l:l>
      <l:l i="2">b</l:l>
      <l:l i="3">C</l:l>
      <l:l i="3">c</l:l>
      <l:l i="4">D</l:l>
      <l:l i="4">d</l:l>
      <l:l i="5">E</l:l>
      <l:l i="5">e</l:l>
      <l:l i="6">F</l:l>
      <l:l i="6">f</l:l>
      <l:l i="7">G</l:l>
      <l:l i="7">g</l:l>
      <l:l i="8">H</l:l>
      <l:l i="8">h</l:l>
      <l:l i="9">I</l:l>
      <l:l i="9">i</l:l>
      <l:l i="10">J</l:l>
      <l:l i="10">j</l:l>
      <l:l i="11">K</l:l>
      <l:l i="11">k</l:l>
      <l:l i="12">L</l:l>
      <l:l i="12">l</l:l>
      <l:l i="13">M</l:l>
      <l:l i="13">m</l:l>
      <l:l i="14">N</l:l>
      <l:l i="14">n</l:l>
      <l:l i="15">O</l:l>
      <l:l i="15">o</l:l>
      <l:l i="16">P</l:l>
      <l:l i="16">p</l:l>
      <l:l i="17">Q</l:l>
      <l:l i="17">q</l:l>
      <l:l i="18">R</l:l>
      <l:l i="18">r</l:l>
      <l:l i="19">S</l:l>
      <l:l i="19">s</l:l>
      <l:l i="20">T</l:l>
      <l:l i="20">t</l:l>
      <l:l i="21">U</l:l>
      <l:l i="21">u</l:l>
      <l:l i="22">V</l:l>
      <l:l i="22">v</l:l>
      <l:l i="23">W</l:l>
      <l:l i="23">w</l:l>
      <l:l i="24">X</l:l>
      <l:l i="24">x</l:l>
      <l:l i="25">Y</l:l>
      <l:l i="25">y</l:l>
      <l:l i="26">Z</l:l>
      <l:l i="26">z</l:l>
      <l:l i="27">&#198;</l:l>
      <l:l i="27">&#230;</l:l>
      <l:l i="28">&#216;</l:l>
      <l:l i="28">&#248;</l:l>
      <l:l i="29">&#197;</l:l>
      <l:l i="29">&#229;</l:l>
   </l:letters>
</l:l10n>
