<?xml version="1.0" encoding="US-ASCII"?>
<l:l10n xmlns:l="http://docbook.sourceforge.net/xmlns/l10n/1.0" language="zh_cn" english-language-name="Chinese Simplified">

<!-- This file is generated automatically. -->
<!-- Do not edit this file by hand! -->
<!-- See http://docbook.sourceforge.net/ -->
<!-- To update this file: edit the corresponding document at -->
<!-- http://cvs.sourceforge.net/cgi-bin/viewcvs.cgi/docbook/gentext/locale/ -->

   <l:gentext key="Abstract" text="&#25688;&#35201;"/>
   <l:gentext key="abstract" text="&#25688;&#35201;"/>
   <l:gentext key="Answer" text="&#31572;&#65306;"/>
   <l:gentext key="answer" text="&#31572;&#65306;"/>
   <l:gentext key="Appendix" text="&#38468;&#24405;"/>
   <l:gentext key="appendix" text="&#38468;&#24405;"/>
   <l:gentext key="Article" text="&#25991;&#31456;"/>
   <l:gentext key="article" text="&#25991;&#31456;"/>
   <l:gentext key="Bibliography" text="&#21442;&#32771;&#20070;&#30446;"/>
   <l:gentext key="bibliography" text="&#21442;&#32771;&#20070;&#30446;"/>
   <l:gentext key="Book" text="&#20070;"/>
   <l:gentext key="book" text="&#20070;"/>
   <l:gentext key="CAUTION" text="&#23567;&#24515;"/>
   <l:gentext key="Caution" text="&#23567;&#24515;"/>
   <l:gentext key="caution" text="&#23567;&#24515;"/>
   <l:gentext key="Chapter" text="&#31456;"/>
   <l:gentext key="chapter" text="&#31456;"/>
   <l:gentext key="Colophon" text="Colophon"/>
   <l:gentext key="colophon" text="Colophon"/>
   <l:gentext key="Copyright" text="&#29256;&#26435;"/>
   <l:gentext key="copyright" text="&#29256;&#26435;"/>
   <l:gentext key="Dedication" text="&#39064;&#35789;"/>
   <l:gentext key="dedication" text="&#39064;&#35789;"/>
   <l:gentext key="Edition" text="&#29256;"/>
   <l:gentext key="edition" text="&#29256;"/>
   <l:gentext key="Equation" text="&#20844;&#24335;"/>
   <l:gentext key="equation" text="&#20844;&#24335;"/>
   <l:gentext key="Example" text="&#20363;"/>
   <l:gentext key="example" text="&#20363;"/>
   <l:gentext key="Figure" text="&#22270;"/>
   <l:gentext key="figure" text="&#22270;"/>
   <l:gentext key="Glossary" text="&#26415;&#35821;&#34920;"/>
   <l:gentext key="glossary" text="&#26415;&#35821;&#34920;"/>
   <l:gentext key="GlossSee" text="&#35265;"/>
   <l:gentext key="glosssee" text="&#35265;"/>
   <l:gentext key="GlossSeeAlso" text="&#21442;&#35265;"/>
   <l:gentext key="glossseealso" text="&#21442;&#35265;"/>
   <l:gentext key="IMPORTANT" text="&#37325;&#35201;"/>
   <l:gentext key="important" text="&#37325;&#35201;"/>
   <l:gentext key="Important" text="&#37325;&#35201;"/>
   <l:gentext key="Index" text="&#32034;&#24341;"/>
   <l:gentext key="index" text="&#32034;&#24341;"/>
   <l:gentext key="ISBN" text="ISBN"/>
   <l:gentext key="isbn" text="ISBN"/>
   <l:gentext key="LegalNotice" text="&#27861;&#24459;&#36890;&#21578;"/>
   <l:gentext key="legalnotice" text="&#27861;&#24459;&#36890;&#21578;"/>
   <l:gentext key="MsgAud" text="&#21463;&#20247;"/>
   <l:gentext key="msgaud" text="&#21463;&#20247;"/>
   <l:gentext key="MsgLevel" text="&#32423;&#21035;"/>
   <l:gentext key="msglevel" text="&#32423;&#21035;"/>
   <l:gentext key="MsgOrig" text="&#20986;&#22788;"/>
   <l:gentext key="msgorig" text="&#20986;&#22788;"/>
   <l:gentext key="NOTE" text="&#27880;&#24847;"/>
   <l:gentext key="Note" text="&#27880;&#24847;"/>
   <l:gentext key="note" text="&#27880;&#24847;"/>
   <l:gentext key="Part" text="&#37096;&#20998;"/>
   <l:gentext key="part" text="&#37096;&#20998;"/>
   <l:gentext key="Preface" text="&#21069;&#35328;"/>
   <l:gentext key="preface" text="&#21069;&#35328;"/>
   <l:gentext key="Procedure" text="&#36807;&#31243;"/>
   <l:gentext key="procedure" text="&#36807;&#31243;"/>
   <l:gentext key="ProductionSet" text="Production"/>
   <l:gentext key="PubDate" text="&#20986;&#29256;&#26085;&#26399;"/>
   <l:gentext key="pubdate" text="&#20986;&#29256;&#26085;&#26399;"/>
   <l:gentext key="Published" text="&#20986;&#29256;&#26041;"/>
   <l:gentext key="published" text="&#20986;&#29256;&#26041;"/>
   <l:gentext key="Qandadiv" text="&#36136;&#20445;"/>
   <l:gentext key="qandadiv" text="&#36136;&#20445;"/>
   <l:gentext key="Question" text="&#38382;&#65306;"/>
   <l:gentext key="question" text="&#38382;&#65306;"/>
   <l:gentext key="RefEntry" text=""/>
   <l:gentext key="refentry" text=""/>
   <l:gentext key="Reference" text="&#21442;&#32771;"/>
   <l:gentext key="reference" text="&#21442;&#32771;"/>
   <l:gentext key="RefName" text="&#21517;&#31216;"/>
   <l:gentext key="refname" text="&#21517;&#31216;"/>
   <l:gentext key="RefSection" text=""/>
   <l:gentext key="refsection" text=""/>
   <l:gentext key="RefSynopsisDiv" text="&#22823;&#32434;"/>
   <l:gentext key="refsynopsisdiv" text="&#22823;&#32434;"/>
   <l:gentext key="RevHistory" text="&#20462;&#35746;&#21382;&#21490;"/>
   <l:gentext key="revhistory" text="&#20462;&#35746;&#21382;&#21490;"/>
   <l:gentext key="revision" text="&#20462;&#35746;"/>
   <l:gentext key="Revision" text="&#20462;&#35746;"/>
   <l:gentext key="sect1" text="&#33410;"/>
   <l:gentext key="sect2" text="&#33410;"/>
   <l:gentext key="sect3" text="&#33410;"/>
   <l:gentext key="sect4" text="&#33410;"/>
   <l:gentext key="sect5" text="&#33410;"/>
   <l:gentext key="section" text="&#33410;"/>
   <l:gentext key="Section" text="&#33410;"/>
   <l:gentext key="see" text="&#35265;"/>
   <l:gentext key="See" text="&#35265;"/>
   <l:gentext key="seealso" text="&#21442;&#35265;"/>
   <l:gentext key="Seealso" text="&#21442;&#35265;"/>
   <l:gentext key="SeeAlso" text="&#21442;&#35265;"/>
   <l:gentext key="set" text="Set"/>
   <l:gentext key="Set" text="Set"/>
   <l:gentext key="setindex" text="Set Index"/>
   <l:gentext key="SetIndex" text="Set Index"/>
   <l:gentext key="Sidebar" text=""/>
   <l:gentext key="sidebar" text="sidebar"/>
   <l:gentext key="step" text="&#27493;&#39588;"/>
   <l:gentext key="Step" text="&#27493;&#39588;"/>
   <l:gentext key="Table" text="&#34920;"/>
   <l:gentext key="table" text="&#34920;"/>
   <l:gentext key="tip" text="&#25552;&#31034;"/>
   <l:gentext key="TIP" text="&#25552;&#31034;"/>
   <l:gentext key="Tip" text="&#25552;&#31034;"/>
   <l:gentext key="Warning" text="&#35686;&#21578;"/>
   <l:gentext key="warning" text="&#35686;&#21578;"/>
   <l:gentext key="WARNING" text="&#35686;&#21578;"/>
   <l:gentext key="and" text="&#21644;"/>
   <l:gentext key="by" text="&#30001;"/>
   <l:gentext key="called" text="&#31216;&#20026;"/>
   <l:gentext key="Edited" text="&#32534;&#36753;&#26102;&#38388;"/>
   <l:gentext key="edited" text="&#32534;&#36753;&#26102;&#38388;"/>
   <l:gentext key="Editedby" text="&#32534;&#36753;&#32773;"/>
   <l:gentext key="editedby" text="&#32534;&#36753;&#32773;"/>
   <l:gentext key="in" text="&#20110;"/>
   <l:gentext key="lastlistcomma" text=","/>
   <l:gentext key="listcomma" text="&#12289;"/>
   <l:gentext key="nonexistantelement" text="&#19981;&#23384;&#22312;&#30340;&#20803;&#32032;"/>
   <l:gentext key="notes" text="&#22791;&#27880;"/>
   <l:gentext key="Notes" text="&#22791;&#27880;"/>
   <l:gentext key="Pgs" text="&#39029;"/>
   <l:gentext key="pgs" text="&#39029;"/>
   <l:gentext key="Revisedby" text="&#20462;&#35746;&#32773;&#65306;"/>
   <l:gentext key="revisedby" text="&#20462;&#35746;&#32773;&#65306;"/>
   <l:gentext key="TableNotes" text="&#34920;&#27880;"/>
   <l:gentext key="tablenotes" text="&#34920;&#27880;"/>
   <l:gentext key="TableofContents" text="&#30446;&#24405;"/>
   <l:gentext key="tableofcontents" text="&#30446;&#24405;"/>
   <l:gentext key="the" text=""/>
   <l:gentext key="unexpectedelementname" text="&#26410;&#39044;&#26399;&#30340;&#21517;&#31216;"/>
   <l:gentext key="unsupported" text="&#19981;&#25903;&#25345;"/>
   <l:gentext key="xrefto" text="xref to"/>
   <l:gentext key="listofequations" text="&#20844;&#24335;&#28165;&#21333;"/>
   <l:gentext key="ListofEquations" text="&#20844;&#24335;&#28165;&#21333;"/>
   <l:gentext key="ListofExamples" text="&#33539;&#20363;&#28165;&#21333;"/>
   <l:gentext key="listofexamples" text="&#33539;&#20363;&#28165;&#21333;"/>
   <l:gentext key="ListofFigures" text="&#25554;&#22270;&#28165;&#21333;"/>
   <l:gentext key="listoffigures" text="&#25554;&#22270;&#28165;&#21333;"/>
   <l:gentext key="ListofProcedures" text="&#36807;&#31243;&#28165;&#21333;"/>
   <l:gentext key="listofprocedures" text="&#36807;&#31243;&#28165;&#21333;"/>
   <l:gentext key="listoftables" text="&#34920;&#26684;&#28165;&#21333;"/>
   <l:gentext key="ListofTables" text="&#34920;&#26684;&#28165;&#21333;"/>
   <l:gentext key="ListofUnknown" text="&#26410;&#30693;&#28165;&#21333;"/>
   <l:gentext key="listofunknown" text="&#26410;&#30693;&#28165;&#21333;"/>
   <l:gentext key="nav-home" text="&#36215;&#22987;&#39029;"/>
   <l:gentext key="nav-next" text="&#19979;&#19968;&#39029;"/>
   <l:gentext key="nav-next-sibling" text="&#24555;&#36827;"/>
   <l:gentext key="nav-prev" text="&#19978;&#19968;&#39029;"/>
   <l:gentext key="nav-prev-sibling" text="&#24555;&#36864;"/>
   <l:gentext key="nav-up" text="&#19978;&#19968;&#32423;"/>
   <l:gentext key="nav-toc" text="&#30446;&#24405;"/>
   <l:gentext key="Draft" text="&#33609;&#31295;"/>
   <l:gentext key="above" text="above"/>
   <l:gentext key="below" text="below"/>
   <l:gentext key="sectioncalled" text="&#19968;&#33410;"/>
   <l:gentext key="index symbols" text="&#31526;&#21495;"/>
   <l:gentext key="lowercase.alpha" text="abcdefghijklmnopqrstuvwxyz"/>
   <l:gentext key="uppercase.alpha" text="ABCDEFGHIJKLMNOPQRSTUVWXYZ"/>
   <l:dingbat key="startquote" text="&#8220;"/>
   <l:dingbat key="endquote" text="&#8221;"/>
   <l:dingbat key="nestedstartquote" text="&#8216;"/>
   <l:dingbat key="nestedendquote" text="&#8217;"/>
   <l:dingbat key="singlestartquote" text="&#8216;"/>
   <l:dingbat key="singleendquote" text="&#8217;"/>
   <l:dingbat key="bullet" text="&#183;"/>
   <l:gentext key="hyphenation-character" text="-"/>
   <l:gentext key="hyphenation-push-character-count" text="2"/>
   <l:gentext key="hyphenation-remain-character-count" text="2"/>

   <l:context name="styles">
      <l:template name="person-name" text="first-last"/>
   </l:context>

   <l:context name="title">
      <l:template name="abstract" text="%t"/>
      <l:template name="answer" text="%t"/>
      <l:template name="appendix" text="&#38468;&#24405;&#160;%n.&#160;%t"/>
      <l:template name="article" text="%t"/>
      <l:template name="authorblurb" text="%t"/>
      <l:template name="bibliodiv" text="%t"/>
      <l:template name="biblioentry" text="%t"/>
      <l:template name="bibliography" text="%t"/>
      <l:template name="bibliolist" text="%t"/>
      <l:template name="bibliomixed" text="%t"/>
      <l:template name="bibliomset" text="%t"/>
      <l:template name="biblioset" text="%t"/>
      <l:template name="blockquote" text="%t"/>
      <l:template name="book" text="%t"/>
      <l:template name="calloutlist" text="%t"/>
      <l:template name="caution" text="%t"/>
      <l:template name="chapter" text="&#31532;&#160;%n&#160;&#31456;&#160;%t"/>
      <l:template name="colophon" text="%t"/>
      <l:template name="dedication" text="%t"/>
      <l:template name="equation" text="&#20844;&#24335;&#160;%n.&#160;%t"/>
      <l:template name="example" text="&#20363;&#160;%n.&#160;%t"/>
      <l:template name="figure" text="&#22270;&#160;%n.&#160;%t"/>
      <l:template name="foil" text="%t" lang="en"/>
      <l:template name="foilgroup" text="%t" lang="en"/>
      <l:template name="formalpara" text="%t"/>
      <l:template name="glossary" text="%t"/>
      <l:template name="glossdiv" text="%t"/>
      <l:template name="glosslist" text="%t"/>
      <l:template name="glossentry" text="%t"/>
      <l:template name="important" text="%t"/>
      <l:template name="index" text="%t"/>
      <l:template name="indexdiv" text="%t"/>
      <l:template name="itemizedlist" text="%t"/>
      <l:template name="legalnotice" text="%t"/>
      <l:template name="listitem" text=""/>
      <l:template name="lot" text="%t"/>
      <l:template name="msg" text="%t"/>
      <l:template name="msgexplan" text="%t"/>
      <l:template name="msgmain" text="%t"/>
      <l:template name="msgrel" text="%t"/>
      <l:template name="msgset" text="%t"/>
      <l:template name="msgsub" text="%t"/>
      <l:template name="note" text="%t"/>
      <l:template name="orderedlist" text="%t"/>
      <l:template name="part" text="&#31532;&#160;%n&#160;&#37096;&#20998;&#160;%t"/>
      <l:template name="partintro" text="%t"/>
      <l:template name="preface" text="%t"/>
      <l:template name="procedure" text="%t"/>
      <l:template name="procedure.formal" text="&#36807;&#31243;&#160;%n.&#160;%t"/>
      <l:template name="productionset" text="%t"/>
      <l:template name="productionset.formal" text="Production&#160;%n"/>
      <l:template name="qandadiv" text="%t"/>
      <l:template name="qandaentry" text="%t"/>
      <l:template name="qandaset" text="%t"/>
      <l:template name="question" text="%t"/>
      <l:template name="refentry" text="%t"/>
      <l:template name="reference" text="%t"/>
      <l:template name="refsection" text="%t"/>
      <l:template name="refsect1" text="%t"/>
      <l:template name="refsect2" text="%t"/>
      <l:template name="refsect3" text="%t"/>
      <l:template name="refsynopsisdiv" text="%t"/>
      <l:template name="refsynopsisdivinfo" text="%t"/>
      <l:template name="segmentedlist" text="%t"/>
      <l:template name="set" text="%t"/>
      <l:template name="setindex" text="%t"/>
      <l:template name="sidebar" text="%t"/>
      <l:template name="step" text="%t"/>
      <l:template name="table" text="&#34920;&#160;%n.&#160;%t"/>
      <l:template name="task" text="%t"/>
      <l:template name="tip" text="%t"/>
      <l:template name="toc" text="%t"/>
      <l:template name="variablelist" text="%t"/>
      <l:template name="varlistentry" text=""/>
      <l:template name="warning" text="%t"/>
   </l:context>

   <l:context name="title-unnumbered">
      <l:template name="appendix" text="%t"/>
      <l:template name="article/appendix" text="%t"/>
      <l:template name="bridgehead" text="%t"/>
      <l:template name="chapter" text="%t"/>
      <l:template name="sect1" text="%t"/>
      <l:template name="sect2" text="%t"/>
      <l:template name="sect3" text="%t"/>
      <l:template name="sect4" text="%t"/>
      <l:template name="sect5" text="%t"/>
      <l:template name="section" text="%t"/>
      <l:template name="simplesect" text="%t"/>
   </l:context>

   <l:context name="title-numbered">
      <l:template name="appendix" text="&#38468;&#24405;&#160;%n.&#160;%t"/>
      <l:template name="article/appendix" text="%n.&#160;%t"/>
      <l:template name="bridgehead" text="%n.&#160;%t"/>
      <l:template name="chapter" text="&#31532;&#160;%n&#160;&#31456;&#160;%t"/>
      <l:template name="sect1" text="%n.&#160;%t"/>
      <l:template name="sect2" text="%n.&#160;%t"/>
      <l:template name="sect3" text="%n.&#160;%t"/>
      <l:template name="sect4" text="%n.&#160;%t"/>
      <l:template name="sect5" text="%n.&#160;%t"/>
      <l:template name="section" text="%n.&#160;%t"/>
      <l:template name="simplesect" text="%t"/>
   </l:context>

   <l:context name="subtitle">
      <l:template name="appendix" text="%s"/>
      <l:template name="article" text="%s"/>
      <l:template name="bibliodiv" text="%s"/>
      <l:template name="biblioentry" text="%s"/>
      <l:template name="bibliography" text="%s"/>
      <l:template name="bibliomixed" text="%s"/>
      <l:template name="bibliomset" text="%s"/>
      <l:template name="biblioset" text="%s"/>
      <l:template name="book" text="%s"/>
      <l:template name="chapter" text="%s"/>
      <l:template name="colophon" text="%s"/>
      <l:template name="dedication" text="%s"/>
      <l:template name="glossary" text="%s"/>
      <l:template name="glossdiv" text="%s"/>
      <l:template name="index" text="%s"/>
      <l:template name="indexdiv" text="%s"/>
      <l:template name="lot" text="%s"/>
      <l:template name="part" text="%s"/>
      <l:template name="partintro" text="%s"/>
      <l:template name="preface" text="%s"/>
      <l:template name="refentry" text="%s"/>
      <l:template name="reference" text="%s"/>
      <l:template name="refsection" text="%s"/>
      <l:template name="refsect1" text="%s"/>
      <l:template name="refsect2" text="%s"/>
      <l:template name="refsect3" text="%s"/>
      <l:template name="refsynopsisdiv" text="%s"/>
      <l:template name="sect1" text="%s"/>
      <l:template name="sect2" text="%s"/>
      <l:template name="sect3" text="%s"/>
      <l:template name="sect4" text="%s"/>
      <l:template name="sect5" text="%s"/>
      <l:template name="section" text="%s"/>
      <l:template name="set" text="%s"/>
      <l:template name="setindex" text="%s"/>
      <l:template name="sidebar" text="%s"/>
      <l:template name="simplesect" text="%s"/>
      <l:template name="toc" text="%s"/>
   </l:context>

   <l:context name="xref">
      <l:template name="abstract" text="%t"/>
      <l:template name="answer" text="&#31572;&#65306;&#160;%n"/>
      <l:template name="appendix" text="%t"/>
      <l:template name="article" text="%t"/>
      <l:template name="authorblurb" text="%t"/>
      <l:template name="bibliodiv" text="%t"/>
      <l:template name="bibliography" text="%t"/>
      <l:template name="bibliomset" text="%t"/>
      <l:template name="biblioset" text="%t"/>
      <l:template name="blockquote" text="%t"/>
      <l:template name="book" text="%t"/>
      <l:template name="calloutlist" text="%t"/>
      <l:template name="caution" text="%t"/>
      <l:template name="chapter" text="%t"/>
      <l:template name="colophon" text="%t"/>
      <l:template name="constraintdef" text="%t"/>
      <l:template name="dedication" text="%t"/>
      <l:template name="equation" text="%t"/>
      <l:template name="example" text="%t"/>
      <l:template name="figure" text="%t"/>
      <l:template name="foil" text="%t" lang="en"/>
      <l:template name="foilgroup" text="%t" lang="en"/>
      <l:template name="formalpara" text="%t"/>
      <l:template name="glossary" text="%t"/>
      <l:template name="glossdiv" text="%t"/>
      <l:template name="important" text="%t"/>
      <l:template name="index" text="%t"/>
      <l:template name="indexdiv" text="%t"/>
      <l:template name="itemizedlist" text="%t"/>
      <l:template name="legalnotice" text="%t"/>
      <l:template name="listitem" text="%n"/>
      <l:template name="lot" text="%t"/>
      <l:template name="msg" text="%t"/>
      <l:template name="msgexplan" text="%t"/>
      <l:template name="msgmain" text="%t"/>
      <l:template name="msgrel" text="%t"/>
      <l:template name="msgset" text="%t"/>
      <l:template name="msgsub" text="%t"/>
      <l:template name="note" text="%t"/>
      <l:template name="orderedlist" text="%t"/>
      <l:template name="part" text="%t"/>
      <l:template name="partintro" text="%t"/>
      <l:template name="preface" text="%t"/>
      <l:template name="procedure" text="%t"/>
      <l:template name="productionset" text="%t"/>
      <l:template name="qandadiv" text="%t"/>
      <l:template name="qandaentry" text="&#38382;&#65306;&#160;%n"/>
      <l:template name="qandaset" text="%t"/>
      <l:template name="question" text="&#38382;&#65306;&#160;%n"/>
      <l:template name="reference" text="%t"/>
      <l:template name="refsynopsisdiv" text="%t"/>
      <l:template name="segmentedlist" text="%t"/>
      <l:template name="set" text="%t"/>
      <l:template name="setindex" text="%t"/>
      <l:template name="sidebar" text="%t"/>
      <l:template name="table" text="%t"/>
      <l:template name="tip" text="%t"/>
      <l:template name="toc" text="%t"/>
      <l:template name="variablelist" text="%t"/>
      <l:template name="varlistentry" text="%n"/>
      <l:template name="warning" text="%t"/>
      <l:template name="olink.document.citation" text=" in %o" lang="en"/>
      <l:template name="olink.page.citation" text=" (page %p)" lang="en"/>
      <l:template name="page.citation" text=" [%p]"/>
      <l:template name="page" text="(&#31532; %p &#39029;)"/>
      <l:template name="docname" text=" in %o" lang="en"/>
      <l:template name="docnamelong" text=" in the document titled %o" lang="en"/>
      <l:template name="pageabbrev" text="(&#31532; %p &#39029;)"/>
      <l:template name="Page" text="&#31532; %p &#39029;"/>
      <l:template name="bridgehead" text="&#8220;%t&#8221;&#19968;&#33410;"/>
      <l:template name="refsection" text="&#8220;%t&#8221;&#19968;&#33410;"/>
      <l:template name="refsect1" text="&#8220;%t&#8221;&#19968;&#33410;"/>
      <l:template name="refsect2" text="&#8220;%t&#8221;&#19968;&#33410;"/>
      <l:template name="refsect3" text="&#8220;%t&#8221;&#19968;&#33410;"/>
      <l:template name="sect1" text="&#8220;%t&#8221;&#19968;&#33410;"/>
      <l:template name="sect2" text="&#8220;%t&#8221;&#19968;&#33410;"/>
      <l:template name="sect3" text="&#8220;%t&#8221;&#19968;&#33410;"/>
      <l:template name="sect4" text="&#8220;%t&#8221;&#19968;&#33410;"/>
      <l:template name="sect5" text="&#8220;%t&#8221;&#19968;&#33410;"/>
      <l:template name="section" text="&#8220;%t&#8221;&#19968;&#33410;"/>
      <l:template name="simplesect" text="&#8220;%t&#8221;&#19968;&#33410;"/>
   </l:context>

   <l:context name="xref-number">
      <l:template name="answer" text="&#31572;&#65306;&#160;%n"/>
      <l:template name="appendix" text="&#38468;&#24405;&#160;%n"/>
      <l:template name="bridgehead" text="&#31532;&#160;%n&#160;&#33410;"/>
      <l:template name="chapter" text="&#31532;&#160;%n&#160;&#31456;"/>
      <l:template name="equation" text="&#20844;&#24335;&#160;%n"/>
      <l:template name="example" text="&#20363;&#160;%n"/>
      <l:template name="figure" text="&#22270;&#160;%n"/>
      <l:template name="part" text="&#31532;&#160;%n&#160;&#37096;&#20998;"/>
      <l:template name="procedure" text="&#36807;&#31243;&#160;%n"/>
      <l:template name="productionset" text="Production&#160;%n"/>
      <l:template name="qandadiv" text="&#36136;&#20445;&#160;%n"/>
      <l:template name="qandaentry" text="&#38382;&#65306;&#160;%n"/>
      <l:template name="question" text="&#38382;&#65306;&#160;%n"/>
      <l:template name="sect1" text="&#31532;&#160;%n&#160;&#33410;"/>
      <l:template name="sect2" text="&#31532;&#160;%n&#160;&#33410;"/>
      <l:template name="sect3" text="&#31532;&#160;%n&#160;&#33410;"/>
      <l:template name="sect4" text="&#31532;&#160;%n&#160;&#33410;"/>
      <l:template name="sect5" text="&#31532;&#160;%n&#160;&#33410;"/>
      <l:template name="section" text="&#31532;&#160;%n&#160;&#33410;"/>
      <l:template name="table" text="&#34920;&#160;%n"/>
   </l:context>

   <l:context name="xref-number-and-title">
      <l:template name="appendix" text="&#38468;&#24405;&#160;%n, %t"/>
      <l:template name="bridgehead" text="&#31532;&#160;%n&#160;&#33410; &#8220;%t&#8221;"/>
      <l:template name="chapter" text="&#31532;&#160;%n&#160;&#31456; %t"/>
      <l:template name="equation" text="&#20844;&#24335;&#160;%n &#8220;%t&#8221;"/>
      <l:template name="example" text="&#20363;&#160;%n &#8220;%t&#8221;"/>
      <l:template name="figure" text="&#22270;&#160;%n &#8220;%t&#8221;"/>
      <l:template name="part" text="&#31532;&#160;%n&#160;&#37096;&#20998; &#8220;%t&#8221;"/>
      <l:template name="procedure" text="&#36807;&#31243;&#160;%n, &#8220;%t&#8221;"/>
      <l:template name="productionset" text="Production&#160;%n, &#8220;%t&#8221;"/>
      <l:template name="qandadiv" text="&#36136;&#20445;&#160;%n, &#8220;%t&#8221;"/>
      <l:template name="refsect1" text="&#8220;%t&#8221;&#19968;&#33410;"/>
      <l:template name="refsect2" text="&#8220;%t&#8221;&#19968;&#33410;"/>
      <l:template name="refsect3" text="&#8220;%t&#8221;&#19968;&#33410;"/>
      <l:template name="refsection" text="&#8220;%t&#8221;&#19968;&#33410;"/>
      <l:template name="sect1" text="&#31532;&#160;%n&#160;&#33410; &#8220;%t&#8221;"/>
      <l:template name="sect2" text="&#31532;&#160;%n&#160;&#33410; &#8220;%t&#8221;"/>
      <l:template name="sect3" text="&#31532;&#160;%n&#160;&#33410; &#8220;%t&#8221;"/>
      <l:template name="sect4" text="&#31532;&#160;%n&#160;&#33410; &#8220;%t&#8221;"/>
      <l:template name="sect5" text="&#31532;&#160;%n&#160;&#33410; &#8220;%t&#8221;"/>
      <l:template name="section" text="&#31532;&#160;%n&#160;&#33410; &#8220;%t&#8221;"/>
      <l:template name="simplesect" text="&#8220;%t&#8221;&#19968;&#33410;"/>
      <l:template name="table" text="&#34920;&#160;%n &#8220;%t&#8221;"/>
   </l:context>

   <l:context name="authorgroup">
      <l:template name="sep" text="&#12289;"/>
      <l:template name="sep2" text="&#21644;"/>
      <l:template name="seplast" text="&#21644;"/>
   </l:context>

   <l:context name="glossary">
      <l:template name="see" text="&#35265;"/>
      <l:template name="seealso" text="&#21442;&#35265;"/>
   </l:context>

   <l:context name="msgset">
      <l:template name="MsgAud" text="&#21463;&#20247;&#65306;"/>
      <l:template name="MsgLevel" text="&#32423;&#21035;&#65306;"/>
      <l:template name="MsgOrig" text="&#20986;&#22788;&#65306;"/>
   </l:context>

   <l:context name="datetime">
      <l:template name="format" text="Y-m-d"/>
   </l:context>

   <l:context name="datetime-full">
      <l:template name="January" text="&#19968;&#26376;"/>
      <l:template name="February" text="&#20108;&#26376;"/>
      <l:template name="March" text="&#19977;&#26376;"/>
      <l:template name="April" text="&#22235;&#26376;"/>
      <l:template name="May" text="&#20116;&#26376;"/>
      <l:template name="June" text="&#20845;&#26376;"/>
      <l:template name="July" text="&#19971;&#26376;"/>
      <l:template name="August" text="&#20843;&#26376;"/>
      <l:template name="September" text="&#20061;&#26376;"/>
      <l:template name="October" text="&#21313;&#26376;"/>
      <l:template name="November" text="&#21313;&#19968;&#26376;"/>
      <l:template name="December" text="&#21313;&#20108;&#26376;"/>
      <l:template name="Monday" text="&#26143;&#26399;&#19968;"/>
      <l:template name="Tuesday" text="&#26143;&#26399;&#20108;"/>
      <l:template name="Wednesday" text="&#26143;&#26399;&#19977;"/>
      <l:template name="Thursday" text="&#26143;&#26399;&#22235;"/>
      <l:template name="Friday" text="&#26143;&#26399;&#20116;"/>
      <l:template name="Saturday" text="&#26143;&#26399;&#20845;"/>
      <l:template name="Sunday" text="&#26143;&#26399;&#26085;"/>
   </l:context>

   <l:context name="datetime-abbrev">
      <l:template name="Jan" text="&#19968;&#26376;"/>
      <l:template name="Feb" text="&#20108;&#26376;"/>
      <l:template name="Mar" text="&#19977;&#26376;"/>
      <l:template name="Apr" text="&#22235;&#26376;"/>
      <l:template name="May" text="&#20116;&#26376;"/>
      <l:template name="Jun" text="&#20845;&#26376;"/>
      <l:template name="Jul" text="&#19971;&#26376;"/>
      <l:template name="Aug" text="&#20843;&#26376;"/>
      <l:template name="Sep" text="&#20061;&#26376;"/>
      <l:template name="Oct" text="&#21313;&#26376;"/>
      <l:template name="Nov" text="&#21313;&#19968;&#26376;"/>
      <l:template name="Dec" text="&#21313;&#20108;&#26376;"/>
      <l:template name="Mon" text="&#21608;&#19968;"/>
      <l:template name="Tue" text="&#21608;&#20108;"/>
      <l:template name="Wed" text="&#21608;&#19977;"/>
      <l:template name="Thu" text="&#21608;&#22235;"/>
      <l:template name="Fri" text="&#21608;&#20116;"/>
      <l:template name="Sat" text="&#21608;&#20845;"/>
      <l:template name="Sun" text="&#21608;&#26085;"/>
   </l:context>

   <l:context name="htmlhelp">
      <l:template name="langcode" text="0x0804 Chinese (CHINA)"/>
   </l:context>

   <l:letters>
      <l:l i="-1"/>
      <l:l i="0">&#20854;&#23427;</l:l>
      <l:l i="10">A</l:l>
      <l:l i="10">a</l:l>
      <l:l i="20">B</l:l>
      <l:l i="20">b</l:l>
      <l:l i="30">C</l:l>
      <l:l i="30">c</l:l>
      <l:l i="40">D</l:l>
      <l:l i="40">d</l:l>
      <l:l i="50">E</l:l>
      <l:l i="50">e</l:l>
      <l:l i="60">F</l:l>
      <l:l i="60">f</l:l>
      <l:l i="70">G</l:l>
      <l:l i="70">g</l:l>
      <l:l i="80">H</l:l>
      <l:l i="80">h</l:l>
      <l:l i="90">I</l:l>
      <l:l i="90">i</l:l>
      <l:l i="100">J</l:l>
      <l:l i="100">j</l:l>
      <l:l i="110">K</l:l>
      <l:l i="110">k</l:l>
      <l:l i="120">L</l:l>
      <l:l i="120">l</l:l>
      <l:l i="130">M</l:l>
      <l:l i="130">m</l:l>
      <l:l i="140">N</l:l>
      <l:l i="140">n</l:l>
      <l:l i="150">O</l:l>
      <l:l i="150">o</l:l>
      <l:l i="160">P</l:l>
      <l:l i="160">p</l:l>
      <l:l i="170">Q</l:l>
      <l:l i="170">q</l:l>
      <l:l i="180">R</l:l>
      <l:l i="180">r</l:l>
      <l:l i="190">S</l:l>
      <l:l i="190">s</l:l>
      <l:l i="200">T</l:l>
      <l:l i="200">t</l:l>
      <l:l i="210">U</l:l>
      <l:l i="210">u</l:l>
      <l:l i="220">V</l:l>
      <l:l i="220">v</l:l>
      <l:l i="230">W</l:l>
      <l:l i="230">w</l:l>
      <l:l i="240">X</l:l>
      <l:l i="240">x</l:l>
      <l:l i="250">Y</l:l>
      <l:l i="250">y</l:l>
      <l:l i="260">Z</l:l>
      <l:l i="260">z</l:l>
   </l:letters>
</l:l10n>
