<refentry id="article.appendix.title.properties">
<refmeta>
<refentrytitle>article.appendix.title.properties</refentrytitle>
<refmiscinfo role="type">attribute set</refmiscinfo>
</refmeta>
<refnamediv>
<refname>article.appendix.title.properties</refname>
<refpurpose>Properties for appendix titles that appear in an article</refpurpose>
</refnamediv>

<refsynopsisdiv>
<src:fragment id='article.appendix.title.properties.frag'>
<xsl:attribute-set name="article.appendix.title.properties"
                   use-attribute-sets="section.title.properties
		                       section.title.level1.properties">
  <xsl:attribute name="margin-left">
    <xsl:value-of select="$title.margin.left"/>
  </xsl:attribute>
</xsl:attribute-set>
</src:fragment>
</refsynopsisdiv>

<refsect1><title>Description</title>

<para>The properties for the title of an appendix that
appears inside an article.  The default is to use
the properties of sect1 titles.</para>

</refsect1>
</refentry>

