<refentry id="informalexample.properties">
<refnamediv>
<refname>informalexample.properties</refname>
<refpurpose>Properties associated with an informalexample</refpurpose>
</refnamediv>

<refsynopsisdiv>
<src:fragment id='informalexample.properties.frag'>
<xsl:attribute-set name="informalexample.properties" use-attribute-sets="informal.object.properties"/>
</src:fragment>
</refsynopsisdiv>

<refsect1><title>Description</title>

<para>The styling for informalexamples.</para>

</refsect1>
</refentry>
