<refentry id="informalfigure.properties">
<refnamediv>
<refname>informalfigure.properties</refname>
<refpurpose>Properties associated with an informalfigure</refpurpose>
</refnamediv>

<refsynopsisdiv>
<src:fragment id='informalfigure.properties.frag'>
<xsl:attribute-set name="informalfigure.properties" use-attribute-sets="informal.object.properties"/>
</src:fragment>
</refsynopsisdiv>

<refsect1><title>Description</title>

<para>The styling for informalfigures.</para>

</refsect1>
</refentry>
