<refentry id="qanda.title.properties">
<refmeta>
<refentrytitle>qanda.title.properties</refentrytitle>
<refmiscinfo role="type">attribute set</refmiscinfo>
</refmeta>
<refnamediv>
<refname>qanda.title.properties</refname>
<refpurpose>Properties for qanda set titles</refpurpose>
</refnamediv>

<refsynopsisdiv>
<src:fragment id='qanda.title.properties.frag'>
<xsl:attribute-set name="qanda.title.properties">
  <xsl:attribute name="font-family">
    <xsl:value-of select="$title.font.family"/>
  </xsl:attribute>
  <xsl:attribute name="font-weight">bold</xsl:attribute>
  <!-- font size is calculated dynamically by qanda.heading template -->
  <xsl:attribute name="keep-with-next.within-column">always</xsl:attribute>
  <xsl:attribute name="space-before.minimum">0.8em</xsl:attribute>
  <xsl:attribute name="space-before.optimum">1.0em</xsl:attribute>
  <xsl:attribute name="space-before.maximum">1.2em</xsl:attribute>
</xsl:attribute-set>
</src:fragment>
</refsynopsisdiv>

<refsect1><title>Description</title>

<para>The properties common to all qanda set titles.</para>

</refsect1>
</refentry>

