<refentry id="refentry.pagebreak">
<refmeta>
<refentrytitle>refentry.pagebreak</refentrytitle>
<refmiscinfo role="type">boolean</refmiscinfo>
</refmeta>
<refnamediv>
<refname>refentry.pagebreak</refname>
<refpurpose>Start each refentry on a new page</refpurpose>
</refnamediv>

<refsynopsisdiv>
<src:fragment id='refentry.pagebreak.frag'><xsl:param name="refentry.pagebreak" select="1"/></src:fragment>
</refsynopsisdiv>

<refsect1><title>Description</title>

<para>If non-zero (the default), each <sgmltag>refentry</sgmltag>
element will start on a new page.  If zero, a page
break will not be generated.
</para>

</refsect1>
</refentry>
