<refentry id="section.level6.properties">
<refmeta>
<refentrytitle>section.level6.properties</refentrytitle>
<refmiscinfo role="type">attribute set</refmiscinfo>
</refmeta>
<refnamediv>
<refname>section.level6.properties</refname>
<refpurpose>Properties for level-6 sections</refpurpose>
</refnamediv>

<refsynopsisdiv>
<src:fragment id='section.level6.properties.frag'>
<xsl:attribute-set name="section.level6.properties"
                   use-attribute-sets="section.properties">
</xsl:attribute-set>
</src:fragment>
</refsynopsisdiv>

<refsect1><title>Description</title>

<para>The properties that apply to the containing
block of a level 6 or lower section, and therefore apply to
the whole section.  This includes 
<sgmltag>section</sgmltag> elements at level 6 and lower.
</para>

<para>For example, you could start each level-6 section on
a new page by using:</para>
<programlisting>&lt;xsl:attribute-set name="section.level6.properties"&gt;
  &lt;xsl:attribute name="break-before"&gt;page&lt;/xsl:attribute&gt;
&lt;/xsl:attribute-set&gt;
</programlisting>

<para>This attribute set inherits attributes from the
general <sgmltag>section.properties</sgmltag> attribute set.
</para>

</refsect1>
</refentry>
