<refentry id="wordml.template">
<refmeta>
<refentrytitle>wordml.template</refentrytitle>
</refmeta>
<refnamediv>
<refname>wordml.template</refname>
<refpurpose>Specify the template WordML document</refpurpose>
</refnamediv>

<refsynopsisdiv>
<src:fragment id='wordml.template.frag'>
<xsl:param name="wordml.template" select=""/>
</src:fragment>
</refsynopsisdiv>

<refsect1><title>Description</title>

<para>The <parameter>wordml.template</parameter> parameter specifies a WordML document to use as a template for the generated document.  The template document is used to define the (extensive) headers for the generated document, in particular the paragraph and character styles that are used to format the various elements.  Any content in the template document is ignored.</para>

<para>A template document is used in order to allow maintenance of the paragraph and character styles to be done using Word itself, rather than these XSL stylesheets.</para>

</refsect1>
</refentry>
