<refentry id="xep.extensions">
<refmeta>
<refentrytitle>xep.extensions</refentrytitle>
<refmiscinfo role="type">boolean</refmiscinfo>
</refmeta>
<refnamediv>
<refname>xep.extensions</refname>
<refpurpose>Enable XEP extensions?</refpurpose>
</refnamediv>

<refsynopsisdiv>
<src:fragment id='xep.extensions.frag'><xsl:param name="xep.extensions" select="0"/></src:fragment>
</refsynopsisdiv>

<refsect1><title>Description</title>

<para>If non-zero,
<ulink url="http://www.renderx.com/">XEP</ulink>
extensions will be used. XEP extensions consists of PDF bookmarks,
document information and better index processing.
</para>

<para>This parameter can also affect which graphics file formats
are supported</para>
</refsect1>
</refentry>
